#USUÁRIO COMUM
INSERT INTO `usuario_comum` (`USC_ID`, `USC_NOME`, `USC_SEXO`, `USC_CIDADE`, `USC_BAIRRO`, `USC_DATA_NASCIMENTO`, `USC_ESTADO`, `USC_SENHA`, `USC_ORGAO_EMISSOR`, `USC_CPF`, `USC_RG`, `USC_LOGRADOURO`, `USC_NUMERO`, `USC_HASH_REC`, `USC_UPDATE_AT`) VALUES 
('1', 'Maria da Silva', '1', 'Cabedelo', 'Intermares', '1972-02-04', '13', "$2y$10$OqKnjFNmDxpX8SeiF/qAK.4Mqej.E0IXuBSim7PIqUMRPFl0Wh7jK", 'SSPPB', '88445292030', '378256002', 'Rua Glaube Leite do Egito Reekers', '95', "988366330f575f936fb102fd9155f6ad", NULL),
('2', 'Carlos Almeida dos Santos', '2', 'Guarulhos', 'Jardim Presidente Dutra', '1969-02-04', '23', "$2y$10$PDfUQ0VKwFb7A1LZn2ZHqO09UsY1wEHinXAIKhIoZ0oEbWY/Grmru", 'SSPSP', '63899455827', '271684197', 'Rua Interina', '452', "b6fd7525ba65714a318fa2a322f04157", NULL),
('3', 'Jose Batista Andrade Pinheiro', 2, 'São Paulo', 'Vila Brasil', '2001-10-10', 23, "$2y$10$0KtIsKpL91Jmr9SjCkY.p.fTF0b8EB1HPJYUP6zX/THEJwnn80cEa", 'SSPSP', '09273249035', '548797451', 'Rua das Conceições', '787', "7ed4544a651ff9dfb3359a04079865f5", NULL),
('4', 'Emerson Lima Melo', 2, 'Ribeirão Preto', 'São Paulo', '2000-05-05', 11, "$2y$10$KijSFrAmULcYPTFYo8guVeuHvcr60lk57GBypgKzoMKuPCNOIYqi2", 'SSP', '96710382044', '548987451', 'Rua Brasil', '100', "5a9cae1a78f5042c02f4e1b5afe62228", NULL),
('5', 'Amanda Silva Costa', 1, 'São João da Boa Vista', 'São Paulo', '2003-09-29', 19, "$2y$10$6E6fIKrNL0rtSunACRwwgO1ZbcQ5IUCc0rT.9CWV6mGiWNQbmMnZG", 'SSP', '67313704011', '54879797', 'Rua Mario da Silva', '129', "774187de4e20ef2109114323a68fcfeb", NULL),
('6', 'Edmundo Matias Evaristo', 2, 'São Paulo', 'Bragança', '1998-10-10', 20, "$2y$10$K.6mwgHcsSWynmkgnvVQx.JGyr3YZSiMwjQAE1NlQ5TTcJRjoKDeO", 'SSPSP', '53676263006', '488797451', 'Rua Augusta', '200', "685bb2b105156ff42de474349b4127ac", NULL),
('7', 'André da Silva', 2, 'São João da Boa Vista', 'Centro', '1995-06-23', 15, "$2y$10$VaWpRp9onwbpB6eD5fjsCOEqxCu5RF91jqiXHH3QadaDRw181a8x6", 'SSP', '20397159838', '471753695', 'Ademar Gomes', '55', "a4b89eb34e397595c07b8eb8fc5ca51d", NULL),
('8', 'Marcos Junior', 2, 'Diadema', 'Casa Grande', '2000-03-15', 15, "$2y$10$w/nyXlf3PN3jSpvp6Nlu0.yDTEzNjdjcKBcky7U6ItG4Njp0UUFJW", 'SSP', '64217502818', '405082186', 'Rua Jadeildo Pereira da Silva', '120', "0d43369edbec1599f8e5a807d8d30533", NULL),
('9', 'Carlos Pereira', 2, 'São João da Boa Vista', 'Centro', '1998-02-19', 1, "$2y$10$9h3eZLTVkETkpIpaSoRDhe8Xchkom3s9ge6Dt5dtp6IJCH21jrBt.", 'SSP', '95094673831', '489984411', 'Ademar de Barros', '130', "7ebc8b8ce0be3dab15aadec3e20b5172", NULL),
('10', 'João Gustavo Martins', 2, 'Arapiraca', 'Nova Esperança', '1981-03-24', 3, "$2y$10$xfYGEzmmgM6jWidaeQ8sP.JDIPPc5QN6GrROIzo9x7maBq/aS.FJO", 'SSP', '43427720004', '181712052', 'Rodovia BR-120', '394', "15f145bf27d50ac8ab7f1c3dce02a526", NULL),
('11', 'Josefa Vitória Lavínia Nunes', 1, 'Gurupi', 'Setor União III', '1978-03-05', 4, "$2y$10$Ekn3DVnjzdx2LDeTj/rlw.41lHOBrjvNAIivRvwcU9uPDDVDtx.eu", 'SSP', '30724217142', '430263168', 'Rua 19', '505', "631665f4567684a05a41feacad2c0aa7", NULL),
('12', 'Liz Mariana Moreira', 1, 'Colombo', 'Butiatumirim', '1993-04-19', 6, "$2y$10$8gKFeVzStR4n1WfxiuwwreSH8o7Zy6UARuAXJKdKwI7tFOUmYyD/G", 'SSP', '25865243659', '484253992', 'Rua Vereador Pio José Broto', '445', "ccffd37d04b740df5b8ba8de8f5c2f78", NULL),
('13', 'Francisca Maria Caldeira', 1, 'Fortaleza', 'Novo Mondubim', '1948-03-25', 8, "$2y$10$7V/cd32k/kj1ZRJoGYvGQe1xX3GpeqC3POHQY9twdWUpD.aUjDIGa", 'SSP', '19888774239', '443323501', 'Rua 101', '932', "565a44c9c4917e367796a101c22aa99d", NULL),
('14', 'Renan Heitor Enzo Silveira', 2, 'Aracruz', 'Barra do Sahy', '1978-03-04', 11, "$2y$10$jgA0zlaPW/arhCMbhi4dr.FRaSDGjh9gRXhrqR9.U0VCgVQAKcfbu", 'SSP', '32603988484', '412601606', 'Rua Fundão', '548', "7f4d9332168eaff29adaba569ffa9bf2", NULL),
('15', 'Teresa Isabella Fernanda Barbosa', 1, 'Ananindeua', 'Marituba', '1966-06-11', 17, "$2y$10$R4nxVuG8KaRhacR1OxKnne7ksjWuIWcI9E.4cBfIxST/gdvz/ih.S", 'SSP', '34778570545', '104805377', 'Passagem São Cristovão', '633', "7ef5635ad1807271bf6c1ef24b27192f", NULL),
('16', 'Melissa Akatuka de Oliveira', 1, 'São Paulo', 'Santa Efigênia', '2001-12-17', 25, "$2y$10$PCh3MMN9CZSJJwYbobfUCuDcD2nTHumx4AVOPUxAwnsRXeEcvP8DS", 'SSP', '28369586856', '677632114', 'Rua dos Gusmões', '353', "69bf39ccfce0848a09056547e9ea3207", NULL),
('17', 'Miriam Oliveira', 1, 'Curitiba', 'Sítio Cercado', '1994-07-02', 16, "$2y$10$So8nMA0wTDxk/7/Dyr14f.LD5i/SXTPAdsChD6Nt4wVmyONweItWS", 'SSP', '15201152366', '28272287935', 'Rua Jussara', '200', "8c9756c08cfbf55d3d3668f11715d016", NULL),
('18', 'Gustavo Rodrigues Matos', 2, 'Boa Vista', 'Cauamé', '1996-07-03', 25, "$2y$10$OBpwbPgnqvvRw7ilC/nYjebU8rWfXb.KfH672OZbmlRG4oLtGilr.", 'SSP', '23879876575', '908908765', 'Rua França', '788', "81a258e45249caa7416fb94dec878cb0", NULL),
('19', 'Carlos Eduardo Sampaio', 2, 'São Paulo', 'Centro', '2000-07-16', 25, "$2y$10$DZbXZMMtH60.r9AWTTa1qOB7qTv7bHJW4rsS5k3JtvXiDjlo6SGwu", 'SSP', '99999999999', '999999999', 'R. Dr. Teófilo Ribeiro de Andrade', '67', "0ba95ddecee178655865beb46552c922", NULL),
('20', 'Antonio da Silva', 2, 'Arapiraca', 'Nova Esperança', '1981-03-24', 3, "$2y$10$PJ0k.9AwpJtvCmVc8lMd2uWLVI2Zv4.jmNVvxlf.KlCH9OwUUl8Lq", 'SSP', '43427720004', '181712052', 'Rodovia AL-115', '394', "818747780a2da38cf30633d8d2bb5f1d", NULL),
('21', 'Lavinia Souza', 1, 'Gurupi', 'Setor União III', '1978-03-05', 4, "$2y$10$i1.h7RStoOKRcQ5ditm1Su0vjO7mTsIikOWSAupfUe2.vuc.J4rqy", 'SSP', '30724217142', '430263168', 'Rua Santo Andre', '505', "eb6c4c3db9736202880817ea01a36e98", NULL),
('22', 'Alice Rodrigues', 1, 'Colombo', 'Butiatumirim', '1993-04-19', 6, "$2y$10$uncnar2l2/f5Hh.LuqDduuocM7zTAxbIEGaR0dmhbnSNddMPIuvB6", 'SSP', '25865243659', '484253992', 'Vereador Paladares', '445', "8119dc1701d3ad4383530b0398520f16", NULL),
('23', 'Julieta de Jesus', 1, 'Fortaleza', 'Novo Mondubim', '1948-03-25', 8, "$2y$10$9jxAmJcdN5/J9c/JF3cEM.kcqaL9kACNqdSMU0hor4saO6MeHWfF2", 'SSP', '19888774239', '443323501', 'Rua Maria das Dores', '222', "c6ca91da4763f98af3a3b11cb998dbc9", NULL),
('24', 'Augusto Gomes', 2, 'Aracruz', 'Barra do Sahy', '1978-03-04', 11, "$2y$10$2ukC4CKSgi1Axw51xTbhguw5ImBe8g.bvT8LBLmfjsOG84dY1dOSa", 'SSP', '32203988484', '412601606', 'Rua Joaquim Jose', '548', "cdd4072f5187e9f889133a76359a731c", NULL),
('25', 'Teresa Isabella Fernanda Barbosa', 1, 'Ananindeua', 'Marituba', '1966-06-11', 17, "$2y$10$Hbu3QOmA79KCzYd8iNPffeBgso6JHnO69/lVaGYg/zPXnRqHak7Aa", 'SSP', '34778570545', '104805377', 'Passagem São José', '633', "2e70c3b607e8cab6f415905ad702f1b3", NULL);

#ESPECIALIDADE MÉDICA
INSERT INTO `especialidades_medicas` (`ESM_ID`, `ESM_DESCRICAO`) VALUES 
(1, 'Clínico Geral'),
(2, 'Ginecologista'),
(3, 'Anestesiologia'),
(4, 'Cirurgia cardiovascular'),
(5, 'Oftalmologista'),
(6, 'Patologia'),
(7, 'Pediatria');

#FORMAS FARMACÊUTICAS
INSERT INTO `formas_farmaceuticas` (`FRM_ID`, `FRM_DESCRICAO`) VALUES
(1, 'Sólida' ),
(2, 'Adesivo Transdérmico' ),
(3, 'Aerosol' ),
(4, 'Aerosol Bucal' ),
(5, 'Aerosol Nasal' ),
(6, 'Aerosol Oral' ),
(7, 'Cápsula' ),
(8, 'Cápsula De Liberação Controlada' ),
(9, 'Cápsula De Liberação Prolongada' ),
(10, 'Cápsula Dura; Comrpimido; Comprimido Revestido' ),
(11, 'Cápsula Gelatinosa' ),
(12, 'Cápsula Gelatinosa Dura' ),
(13, 'Cápsula Gelatinosa Dura Entérica' ),
(14, 'Cápsula Gelatinosa Dura; Drágea; Comprimido' ),
(15, 'Cápsula Gelatinosa Mole' ),
(16,'Cápsula Gelatinosa Mole; Comprimido Revestido De Liberação Prolongada' ),
(17, 'Cápsula Inalante' ),
(18, 'Cápsula Inalante; Aerosol Bucal' ),
(19, 'Cápsula Para Inalação' ),
(20, 'Cápsula; Comprimido' ),
(21, 'Colutório' ),
(22, 'Comprimido' ),
(23, 'Comprimido ; Cápsula' ),
(24, 'Comprimido Desintegração Lenta' ),
(25, 'Comprimido Dispersível' ),
(26, 'Comprimido Liberação Controlada' ),
(27, 'Comprimido Liberação Lenta' ),
(28, 'Comprimido Liberação Prolongada' ),
(29, 'Comprimido Mastigável' ),
(30, 'Comprimido Revestido' ),
(31, 'Comprimido Sublinga' ),
(32, 'Creme' ),
(33, 'Creme Vaginal' ),
(34, 'Drágea' ),
(35, 'Elixir' ),
(36, 'Emulasão ; Solução Oral' ),
(37, 'Emulsão' ),
(38, 'Enema' ),
(39, 'Envelope (Pó)' ),
(40, 'Frasco' ),
(41, 'Frasco-Ampola' ),
(42, 'Gel' ),
(43, 'Gel Oral' ),
(44, 'Gel Vaginal' ),
(45, 'Geléia' ),
(46, 'Goma De Mascar Ou Pastilha' ),
(47, 'Injeção Intravitrea' ),
(48, 'Injetável' ),
(49, 'Loção' ),
(50, 'Ovulo' ),
(51, 'Pastilha' ),
(52, 'Pó' ),
(53, 'Pó Efervescente' ),
(54, 'Pó Inalante' ),
(55, 'Pó Liofilizado' ),
(56, 'Pó Liofilizado Injetável' ),
(57, 'Pó Liofilizado Para Solução Injetável' ),
(58, 'Pó Ou Cápsula Inalante' ),
(59, 'Pó Para Inalação Oral' ),
(60, 'Pó Para Solução Injetável' ),
(61, 'Pó Para Solução Injetável Intra Muscular' ),
(62, 'Pó Para Solução Injetável Intravenoso' ),
(63, 'Pó Para Solução Oral' ),
(64, 'Pó Para Suspensão Injetável' ),
(65, 'Pó Para Suspensão Oral' ),
(66, 'Pó Tamponado Para Suspensão Oral + Solução Oral' ),
(67, 'Pomada' ),
(68, 'Pomada Oftálmica' ),
(69, 'Seringa' ),
(70, 'Shampoo' ),
(71, 'Solução Capilar' ),
(72, 'Solução Concentrada Para Infusão Intravenosa' ),
(73, 'Solução Injetável' ),
(74, 'Solução Nasal' ),
(75, 'Solução Oftálmica' ),
(76, 'Solução Oral' ),
(77, 'Solução Oral; Xarope' ),
(78, 'Solução Para Inalação' ),
(79,'Solução Para Nebulização' ),
(80, 'Spray Nasal' ),
(81, 'Supositório' ),
(82, 'Supositório Adulto' ),
(83, 'Suspensão Injetavel' ),
(84, 'Suspensão Nasal' ),
(85, 'Suspensão Oftálmica' ),
(86, 'Suspensão Oral' ),
(87, 'Suspensão Tópica' ),
(88, 'Tintura' ),
(89, 'Tubete' ),
(90, 'Xarope' );

#BENEFÍCIOS
INSERT INTO `beneficios` (`BNF_ID`, `BNF_DESCRICAO`) VALUES
(1, 'Quarto individual'),
(2, 'Enfermeiro particular'),
(3, 'Acompanhamento pós-operatório'),
(4, 'Desconto em medicamentos'),
(5, 'Reembolso por despesas médicas em locais não-credenciados'),
(6, 'Cobertura por todo o país');

#FINALIDADE REMÉDIOS
INSERT INTO `finalidade_remedios` (`FIN_ID`, `FIN_DESCRICAO`) VALUES
(1, 'Diminuir os sintomas'),
(2, 'Amenisa dores'),
(3, 'Amenisa dores musculares'),
(4, 'Antibiótico'),
(5, 'Antigripal'),
(6, 'Antialergico'),
(7, 'Antiinflamatório'),
(8, 'Dor de cabeça');

#PLANOS
INSERT INTO `planos` (`PLN_ID`, `PLN_NOME`, `PLN_INSTITUICAO`, `PLN_PRECO`) VALUES
(1, 'Premium', 'ASSOCIAÇÃO MAIS SAUDE SANTA CASA', 250.99),
(2, 'Plano Completo', 'Unimed', 5000.00),
(3, 'Plano Basico', 'Unimed', 2000.00),
(4, 'Plano Gold', 'Unimed', 7000.00),
(5, 'Plano Silver', 'Unimed', 6000.00),
(6, 'Plano Saúde S+', 'Santa Casa', 3000.00);

#CONTATOS SETORIAIS
INSERT INTO `contatos_setoriais` (`CSE_ID`, `CSE_TELEFONE_CELULAR`, `CSE_TELEFONE_FIXO`, `CSE_SETOR`, `CSE_EMAIL`) VALUES
(1, '919198787', '36111136', 'Administrativo', 'administracao@unimed.com.br'),
(2, '9423564320', '36441123', 'Financeiro', 'financeiro@unimed.com.br'),
(3, '910108282',  '33745910', 'Diretoria', 'diretoria@unimed.com.br'),
(4, '912325476', '32134567', 'Limpeza', 'limpeza@unimed.com.br'),
(5, '987541235', '38745618', 'Enfermagem', 'enfermagem@unimed.com.br'),
(6, '900224567', '975462019', 'Médico', 'medico@unimed.com.br'),
(7, '976420990', '32998543', 'Tecnologia', 'ti@unimed.com.br'),
(8, '982125648', '38643291', 'Secretaria', 'secretaria@unimed.com.br'),
(9, '956271818', '34561029', 'Administração', 'administracao@santacasa.com.br'),
(10, '910583526', '312345544', 'Advocacia', 'advocacia@santacasa.com.br');

#PLANO BENEFÍCIOS
INSERT INTO `planos_beneficios` (`PBN_ID`, `FK_BENEFICIOS_BNF_ID`, `FK_PLANOS_PLN_ID`, `PBN_VALOR_BENEFICIO`) VALUES
(1, 1, 1, 5),
(2, 2, 2, 10),
(3, 3, 3, 15),
(4, 4, 3, 5),
(5, 1, 4, 2),
(6, 5, 5, 95),
(7, 6, 6, 1);

#VALORES DEPENDENTES
INSERT INTO `valores_dependentes` (`VPD_ID`, `VPD_IDADE_MAXIMA`, `VPD_IDADE_MINIMA`, `VPD_VALOR`, `FK_PLANOS_PLN_ID`) VALUES
(1, 60, 18, 1500.00, 1),
(2, 80, 10, 800.00, 2),
(3, 100, 1, 500.00, 3),
(4, 100, 1, 450.00, 4),
(5, 100, 20, 200.00, 5);

#REMÉDIOS
INSERT INTO `remedios` (`RMD_ID`, `RMD_NOME`,`RMD_VIA_DOSAGEM`,`RMD_INDICACAO`,`RMD_CONTRAINDICACAO`,`RMD_DOSAGEM`, `RMD_QUANTIDADE`, `RMD_DISPONIVEL`, `FK_FORMAS_FARMACEUTICAS_FRM_ID`) VALUES
(1, 'Paracetamol Gotas ', 1, 'Paracetamol é um analgésico e antipirético, sendo indicado para a alívio da dor de intensidade leve a moderada, incluindo dor de cabeça, enxaqueca, dor músculo esquelética, cólicas menstruais, dor de garganta, dor de dente, dor pós-procedimentos odontológicos, dor e febre após vacinação, e dor de osteoartrite.', 'Não deve ser usado em caso de hipersensibilidade ao paracetamol ou a qualquer outro componente da fórmula. Contra indicado para menores de 12 anos. Não deve ser utilizado em pacientes com doença no fígado ou rins. Categoria B: Não deve ser utilizado por mulheres grávidas sem orientação médica ou do cirurgião dentista. É aconselhável cuidado na administração em pacientes com função hepática comprometida incluindo aqueles com doença hepática alcoólica não cirrótica.', 35, 0, 0, 75),
(2, 'Dipirona Monoidratada', 1, 'A dipirona é um anti-inflamatório não-esteroidal com ação analgésica e antitérmica. Ela é indicada para agir contra febre, dor de cabeça, dor muscular e cólicas. Essa droga integra o grupo dos medicamentos isentos de prescrição (MIPs).', 'Dipirona sódica está contra-indicada a pacientes que apresentam hipersensibilidade aos medicamentos que contenham dipirona sódica, propifenazona, fenazona, fenilbutazona, oxifembutazona ou aos demais componentes da formulação, em casos de porfiria hepática aguda Intermitente, deficiência congenita de glicose-6-fosfato desidrogenase, asma analgésica ou Intolerancia analgésica, em crianças menores de 3 meses de idade ou pesando menos de 5 kg e nos três primeiros e três ultimos meses de gravidez. A lactação deve ser evitada durante e até 48 horas após o uso de dipirona sódica. Informe seu médico sobre qualquer medicamento que esteja usando, antes do início ou durante o tratamento. Informe também, caso você tenha asma ou outros problemas respiratórios. Durante o tratamento com dipirona sódica pode se observar uma coloração avermelhada na urina que desaparece com a descontinuação do tratamento, devido à excreção do ácido rubazónico. Não deve ser administrado em crianças menores de 3 meses de idade ou pesando menos de 5 kg. E recomendada supervisão médica quando se administra a crianças com mais de 3 meses e crianças pequenas.', 500, 20, 1, 19),
(3, 'Paracetamol', 1, 'Paracetamol é um analgésico e antipirético, sendo indicado para a alívio da dor de intensidade leve a moderada, incluindo dor de cabeça, enxaqueca, dor músculo esquelética, cólicas menstruais, dor de garganta, dor de dente, dor pós-procedimentos odontológicos, dor e febre após vacinação, e dor de osteoartrite', 'Não deve ser usado em caso de hipersensibilidade ao paracetamol ou a qualquer outro componente da fórmula. Contra indicado para menores de 12 anos. Não deve ser utilizado em pacientes com doença no fígado ou rins. Categoria B: Não deve ser utilizado por mulheres grávidas sem orientação médica ou do cirurgião dentista. É aconselhável cuidado na administração em pacientes com função hepática comprometida incluindo aqueles com doença hepática alcoólica não cirrótica.', 750, 5, 1, 19),
(4, 'Paracetamol Genérico',1,'Febre, dores no corpo e dores de cabeça','Não recomendável em casos de suspeita de dengue',2, 10, 1, 1);

#USO REMÉDIOS
INSERT INTO `uso_remedio` (`URM_ID`, `FK_FINALIDADE_REMEDIOS_FIN_ID`, `FK_REMEDIOS_RMD_ID`) VALUES
(1, 1, 1),
(2, 2, 2),
(3, 3, 3),
(4, 4, 4);

#PACIENTES
/*STATUS
1 - Ativo e Pagamento em dia
2 - Inativo por Pagamento Atrasado
3 - Inativo mas com Pagamento em dia
4 - Dependente */
INSERT INTO `pacientes`
(`PAC_ID`, `PAC_EMAIL`,`PAC_STATUS`,`FK_USUARIO_COMUM_USC_ID`,`FK_PLANOS_PLN_ID`) VALUES
(1, 'maria_silva@hotmail.com',1,1,1),
(2, 'carlos_alm@hotmail.com', 3, 2, NULL), 	
(3, 'jose_bap@hotmail.com', 2, 3, 3),
(4, 'emerson.lima@hotmail.com', 1, 4, 4),       				
(5, 'amanda_silva_costa@hotmail.com', 2, 5, 5),
(6, 'edmundo_matias_evaristo@hotmail.com', 4, 6, 1),
(7, 'andre_da_silva@dkcarmo.com', 4, 7, NULL),
(8, 'marcos.junior@cursomarcato.com.br', 4, 8, 3),
(9, 'carlos.per@gruppoitalia.com.br', 4, 9, 4),
(10, 'joao_gustavo_mart@petrobras.com.br', 4, 10, 5),
(11, 'gus_rod_mat@yahoo.com', 1, 18, 2),
(12, 'ant_da_sil@gmail.com', 2, 20, 1),
(13, 'al_rod_22@outlook.com', 3, 22, NULL),
(14, 'aug_gms@uol.com.br', 1, 24, 6);

#FUNCIONÁRIOS
/*CATEGORIAS
1 - Médico
2 - ENFERMEIRO
3 - CONTABIL
4 - SECRETARIADO
5 - ADMINISTRATIVO
6 - HOSP/CLINICA MÉDICA */
INSERT INTO `funcionarios` (`FUN_ID`, `FUN_PRONTUARIO`, `FUN_CATEGORIA`, `FK_USUARIO_COMUM_USC_ID`) VALUES
(1, 'ME523698', 1, 11),
(2, 'EN222123', 2, 12),
(3, 'CO222321', 3, 13),
(4, 'SE608617', 4, 14),
(5, 'AD272711', 5, 15),
(6, 'HC973877', 6, 16),
(7, 'ME126632', 1, 17),
(8, 'EN332211', 2, 19),
(9, 'CO554667', 3, 21),
(10, 'SE921312', 4, 23),
(11, 'AD483221', 5, 25);

#MÉDICOS
INSERT INTO `medicos` (`MED_ID`, `FK_FUNCIONARIOS_FUN_ID`) VALUES
(1, 1),
(2, 7);

#ESPECIALISTAS
INSERT INTO `especialistas` (`ESP_ID`, `FK_MEDICOS_MED_ID`, `FK_ESPECIALIDADES_MEDICAS_ESM_ID`) VALUES
(1, 1, 1),
(2, 2, 2);

#AGENDAMENTOS
INSERT INTO `agendamentos` (`AGD_ID`, `AGD_STATUS`, `AGD_ENCAMINHAMENTOS`, `AGD_DATA`, `AGD_HORARIO`, `AGD_MEET_LINK`, `AGD_ENCAMINHAMENTO_PRESENCIAL`, `AGD_RETORNO`, `AGD_MOTIVO_ENCAMINHAMENTO`, `AGD_TRIAGEM_REALIZADA`, `FK_MEDICOS_MED_ID`, `FK_ESPECIALIDADES_MEDICAS_ESM_ID`, `FK_PACIENTES_PAC_ID`) VALUES 
(1, 0, 0, '2022-06-13', '09:00:00','meet.google.com/ciz-jmfz-bzv', 1, 0, 'Requisitado pelo paciente.', 1, 1, 1, 1),
(2, 1, 0, '2022-07-15', '09:00:00', 'meet.google.com/sqs-bkqj-jhk', 0, 1, 'Nenhum motivo.', 0, 2, 2, 2),
(3, 2, 0, '2022-07-18', '09:00:00', 'meet.google.com/kmi-azfw-yxy', 1, 0, 'Repassado para especialista presencialmente.', 1, 1, 3, 3),
(4, 0, 0, '2022-07-19', '09:00:00', 'meet.google.com/wkf-fzvp-uor', 0, 1, 'Nenhum motivo.', 0, 2, 4, 4),
(5, 1, 0, '2022-07-20', '09:00:00', 'meet.google.com/vzs-zmho-qti', 1, 0, 'Necessita de Triagem presencial.', 1, 1, 5, 5),
(6, 2, 1, '2022-08-11', '09:00:00', 'meet.google.com/nag-ounw-mzr', 0, 1, 'Nenhum motivo.', 0, 2, 6, 6);

#TRIAGENS
INSERT INTO `triagens` (`TRG_ID`, `TRG_SINTOMAS`, `TRG_TABELA_DOR`, `TRG_PRESSAO_SISTOLICA`, `TRG_TEMPERATURA`, `TRG_PRESSAO_DIASTOLICA`, `TRG_QTD_FILHOS`, `TRG_QUAIS_TRAT_MED`, `TRG_TEM_ALERGIA_MEDICA`, `TRG_QUAL_MEDICACAO`, `TRG_QUAIS_ALERGIAS`, `TRG_UTILIZA_MEDICACAO`, `TRG_TEM_FILHOS`, `TRG_QUAIS_DOENCAS_CRONICAS`, `TRG_TRATAMENTO_MEDICO`, `TRG_DOENCAS_CRONICAS`, `FK_AGENDAMENTOS_AGD_ID`) VALUES 
(1, 'Dor de Cabeca, Coriza, Febre', '9', '36', '38.8', '34', 1, 'Contra Diabetes', 1, 'Biguanidas', 'Amoxilina', 1, 1, 'Diabetes', 1, 1, 2),
(2, 'Dor no Corpo', '8', '35', '39', '34', 0, 'Contra Cancer', 1, 'Quimioterapia', 'Leite e Queijo', 1, 0, 'Cancer', 1, 1, 3),
(3, 'Dor nos Ossos', '10', '36', '37', '33', 3, 'Contra Obesidade', 1, 'Dieta', 'Poeira, Pelo e Cravo', 1, 1, 'Obesidade', 1, 1, 4),
(4, 'Corpo mole', '5', '30', '33', '34', 4, 'Contra Fibrose Cística', 1, 'Suplemento Alimentar, Antibiótico, Penicilina e Remédio para Tosse', 'Vermelhidão, Descamação, Irritação e Coceira Intensa.', 1, 1, 'Fibrose Cística', 1, 1, 5),
(5, 'Enxaqueca', '1', '32', '35', '35', 0, 'Osteoporose', 1, 'Vitamina, Suplemento Alimentar e Saúde Óssea', 'Leite, Queijo, Manteiga, Requeijão e Creme', 1, 0, 'Osteoporose', 1, 1, 1);

#CONSULTAS ONLINE
INSERT INTO `consultas_online` (`CNS_ID`, `CNS_DATA`,`CNS_ANOTACOES`,`CNS_SINTOMAS_IDENTIFICADOS`,`CNS_DIAGNOSTICO`,`FK_AGENDAMENTOS_AGD_ID`) VALUES
(1, '2022-06-13','Baixa prioridade','Dor de cabeça, febre e coriza', 'Enxaqueca Nervosa', 1),
(2, '2022-07-15', 'Alta prioridade', 'Diarreira', 'Virose',2),
(3, '2022-08-12', 'Paciente com muita dor nas costas', 'Dores Constantes na Coluna', 'Paciente possui hérnia de disco',3),
(4, '2022-08-11', 'Nenhum sintoma identificado', 'N/a', 'Nenhum diagnostico identificado',4);

#PRESCRICOES
INSERT INTO `prescricoes` (`PRC_ID`, `PRC_DURACAO_TRATAMENTO`, `PRC_OBSERVACOES`, `PRC_ASSINATURA_MEDICO`, `PRC_DATA_EMISSAO`, `FK_MEDICOS_MED_ID`, `FK_CONSULTAS_ONLINE_CNS_ID`) VALUES
(1, '1 semana','Não tomar sob suspeitas de dengue', 'ASSINATURA', '2022-06-13', 1, 1),
(2, '30 dias', 'Tomar pós almoço', 'ASSINATURA', '2022-06-20', 2, 2),
(3, '15 dias', 'Toma pela manhã e a noite', 'ASSINATURA', '2022-06-20', 1, 3);

#REMÉDIOS PRESCRIÇÕES
INSERT INTO `remedios_prescricoes` (`RMP_ID`, `RMP_ESQUEMA_POSOLOGICO`, `FK_PRESCRICOES_PRC_ID`, `FK_REMEDIOS_RMD_ID`) VALUES
(1, '1 comprimido a cada 8 horas', 1, 1),
(2, '20 gotas de 8 em 8 horas', 2, 2),
(3, '1 comprimido por dia', 3, 3),
(4, '2 comprimidos de 12 em 12 horas', 1, 4);

#EXAMES
INSERT INTO `exames` (`EXM_ID`, `EXM_NOME`, `EXM_OBS_SECRETARIO`, `EXM_AGENDAMENTO`, `EXM_AUTORIZADO`, `EXM_ANEXO_GUIA`, `EXM_ANEXO_RESULTADO`, `EXM_OBS_PACIENTE`, `FK_PACIENTES_PAC_ID`, `FK_MEDICOS_MED_ID`) VALUES 
(1, 'Exame de sangue', 'Em jejum', '2022-06-23 15:42:20', 2, 'anexo_guia_um.pdf', 'anexo_resultado_um.pdf', 'Tudo certo', '1', '1'),
(2, 'Ultrassom', NULL, '2022-06-21 15:43:22', 2, 'anexo_guia_dois.pdf', 'anexo_resulado_dois.pdf', NULL, '2', '2');

#PAGAMENTOS
INSERT INTO `pagamentos` (`PGD_ID`, `PGD_VENCIMENTO`, `PGD_DATA_PAGAMENTO`, `PGD_VALOR_TOTAL`, `PGD_QUANTIDADE_DEPENDENTES`, `PGD_VALOR_PLANO`, `FK_PACIENTES_PAC_ID`) VALUES
(1, '2022-10-05', '2022-10-01', 1750.99, 1, 250.99, 1),
(2, '2022-10-01', NULL, 2500, 1, 2000, 3),
(3, '2022-10-25', NULL, 7450, 1, 7000, 4),
(4, '2022-09-30', NULL, 6200, 1, 6000, 5),
(5, '2022-09-19', '2022-10-03', 5000, 0, 5000, 11),
(6, '2022-09-02', NULL, 250.99, 0, 250.99, 12),
(7, '2022-09-16', '2022-09-10', 3000, 0, 3000, 14),
(8, '2022-11-05', '2022-10-06', 1750.99, 1, 250.99, 1),
(9, '2022-11-03', NULL, 5000, 0, 5000, 11),
(10, '2022-10-16', '2022-10-02', 3000, 0, 3000, 14);
#PAGAMENTOS MEDICOS
INSERT INTO `pagamentos_medicos` (`PGM_ID`, `PGM_DATA_PAGAMENTO`, `PGM_SALARIO`, `PGM_VALOR_COMISSAO`, `PGM_VALOR_TOTAL`, `PGM_DATA_PAGAMENTO_REALIZADO`, `PGM_CONSULTAS_MES`, `FK_MEDICOS_MED_ID`) VALUES 
(1, '2022-06-01', 3000.00, 500.00, 8000.00, '2022-06-01', 10, 1),
(2, '2022-05-01', 3000.00, 500.00, 6500.00,'2022-05-01', 7, 1),
(3, '2022-03-02', 5500.00, 1000.00, 13500.00, '2022-03-01', 8, 2);

#RESPONSAVEIS
INSERT INTO `responsaveis` (`RES_ID`, `RES_TEL_CELULAR1`, `FK_PACIENTES_PAC_ID`) VALUES 
(1, '1998765432', 1),
(2, '3598765432', 2),
(3, '1198765432', 3),
(4, '2198765432', 4),
(5, '4198765432', 5);

#DEPENDENTES
INSERT INTO `dependentes` (`DEP_ID`, `DEP_NV_PARENTESCO`, `FK_RESPONSAVEIS_RES_ID`, `FK_PACIENTES_PAC_ID`) VALUES 
(1, 1, 1, 6),
(2, 2, 2, 7),
(3, 3, 3, 8),
(4, 4, 4, 9),
(5, 5, 5, 10);

#ADMINISTRATIVO
INSERT INTO `administrativo` (`ADM_ID`, `ADM_FUNCAO`, `ADM_DATA_ADMISSAO`, `ADM_DATA_DEMISSAO`, `ADM_CLINICA`, `ADM_SALARIO`, `ADM_CRM`, `ADM_TELEFONE_CELULAR`, `FK_FUNCIONARIOS_FUN_ID`) VALUES 
(1, 1, '2021-08-11', '2022-08-11', 1, '11111', '12345679', '19987654322', 1),
(2, 2, '2020-06-09', '2021-07-10', 2, '22222', '98765432', '19912345672', 2),
(3, 3, '2019-01-08', '2020-01-08', 3, '33333', '45367864', '35956437212', 3),
(4, 4, '2021-08-02', '2022-08-03', 4, '1280', '12354321', '11947689241', 4),
(5, 5, '2017-01-21', '2022-05-21', 5, '4000', '84632716', '21918213747', 5);

#ENFERMEIROS
INSERT INTO `enfermeiros` (`ENF_ID`, `FK_FUNCIONARIOS_FUN_ID`) VALUES 
(1, 2);

#CONTABILIDADE
INSERT INTO `contabilidade` (`CON_ID`, `FK_FUNCIONARIOS_FUN_ID`) VALUES 
(1, 3);

#CLINICAS MEDICAS
INSERT INTO `clinicas_medicas` (`CLI_ID`, `CLI_RAZAO_SOCIAL`, `CLI_CONTATO1`, `CLI_CONTATO2`, `CLI_DATA_FUNDACAO`, `CLI_CNPJ`, `FK_ADMINISTRATIVO_ADM_ID`) VALUES 
(1, 'Unimed do Estado de SP Federação Estadual das Cooperativas Médicas', '1936382888', '1936382764', '1967-12-18', '02812468000106', 1),
(2, 'IRMANDADE DA SANTA CASA DE MISERICORDIA DE SANTOS', '1936332222', '1936344444', '1963-05-24', '15323270000100', 2),
(3, 'SOCIEDADE BENEF ISRAELITABRAS HOSPITAL ALBERT EINSTEIN', '1121511233', NULL, '1955-06-04', '60765823000130', 3);

DELIMITER |  -- Muda o delimitador para o BEGIN END

CREATE EVENT diario
	ON SCHEDULE 
    	EVERY 10 SECOND  -- Define a frequência da ocorrência. Mudar para cada 1 dia, a meia noite
    DO
    	BEGIN
			/* Atualiza o status dos pacientes para 2 (inadimplentes), checando se o dia 
			 * atual é maior que a data de vencimento
			 */
        	UPDATE 
            	pacientes, 
                pagamentos 
            SET 
            	pacientes.PAC_STATUS = 2 
            WHERE 
            	pagamentos.PGD_DATA_PAGAMENTO IS NULL AND  -- Verifica se o dia do pagamento é NULL, ou seja, não pago
                pagamentos.FK_PACIENTES_PAC_ID = pacientes.PAC_ID AND  -- Relaciona com a tabela de pacientes
                pacientes.PAC_STATUS != 2 AND  -- E checa se ele já não está como inadimplente (cod 2)
                DATEDIFF(CURDATE(), pagamentos.PGD_VENCIMENTO) > 0;  -- Compara as datas
                
			/* Insere automaticamente no banco novas entradas na tabela de pagamentos, com 
			 * base no paciente estar ativo (cod 1), e ser o dia seguinte ao do dia do
			 * vencimento da fatura, estando esta já paga previamente ao dia do vencimento.
			 * A nova data de vencimento neste caso vai ser um mês depois da data de vencimento normal.
			*/
            INSERT INTO pagamentos (FK_PACIENTES_PAC_ID, PGD_VALOR_PLANO, PGD_QUANTIDADE_DEPENDENTES, PGD_VALOR_TOTAL, PGD_VENCIMENTO)
            SELECT 
                pac.PAC_ID,  -- Recebe o ID do paciente
                pla.PLN_PRECO,  -- O preço do plano, para registro
                @qtd := (SELECT  -- Seleciona a quantidade de dependentes, e salva em uma variável para uso futuro
                            COUNT(dependentes.DEP_ID)  -- Conta quantos depententes este paciente tem
                        FROM 
                            pacientes 
                        LEFT JOIN  -- Garante a checagem da tabela usando left join
                            responsaveis ON
                            pacientes.PAC_ID = responsaveis.FK_PACIENTES_PAC_ID 
                        LEFT JOIN 
                            dependentes ON 
                            dependentes.FK_RESPONSAVEIS_RES_ID = responsaveis.RES_ID 
                        WHERE 
                            pacientes.PAC_ID = pac.PAC_ID) 
                    AS PGD_QUANTIDADE_DEPENDENTES,
                @qtd * (SELECT  -- Aqui, utiliza-se a variável anterior para calcular o valor total
                            IF( MAX(VPD_VALOR) IS NULL, 0, MAX(VPD_VALOR))  -- Seleciona o valor de cada dependente, aqui pega só o maior valor
                        FROM 
                            valores_dependentes 
                        WHERE 
                            valores_dependentes.FK_PLANOS_PLN_ID = pla.PLN_ID)
                    + pla.PLN_PRECO AS TOTAL, -- Faz a conta do valor total
                DATE_ADD( pag1.PGD_VENCIMENTO, INTERVAL 1 MONTH ) AS VENCIMENTO  -- Soma um mês na data de vencimento
            FROM 
                planos AS pla, 
                pacientes AS pac,
                pagamentos AS pag1 
            LEFT OUTER JOIN  -- Pega o vencimento mais recente, vulgo do último mês. Honestamente, não entendi muito bem como funciona
                pagamentos AS pag2 ON 
                (pag1.FK_PACIENTES_PAC_ID = pag2.FK_PACIENTES_PAC_ID 
                AND pag1.PGD_VENCIMENTO < pag2.PGD_VENCIMENTO) 
            WHERE 
                pag2.PGD_VENCIMENTO IS NULL AND  -- Faz parte de pegar o vencimento mais recente
                pag1.PGD_VENCIMENTO IS NOT NULL AND  -- Faz parte de pegar o vencimento mais recente
                pag1.PGD_VENCIMENTO < CURDATE() AND  -- Verifica se o vencimento é menor que a data atual, para saber se já é o dia seguinte ao vencimento
                pag1.FK_PACIENTES_PAC_ID = pac.PAC_ID AND  -- Relaciona com pacientes
                pac.PAC_STATUS = 1 AND  -- Verifica se o paciente está ativo
                pla.PLN_ID = pac.FK_PLANOS_PLN_ID;  -- Relaciona com plano do paciente
		END |

DELIMITER ;