#USUÁRIO COMUM
INSERT INTO `usuario_comum` (`USC_SEXO`, `USC_CIDADE`, `USC_BAIRRO`, `USC_DATA_NASCIMENTO`, `USC_ESTADO`, `USC_SENHA`, `USC_ORGAO_EMISSOR`, `USC_CPF`, `USC_NOME`, `USC_RG`, `USC_LOGRADOURO`, `USC_NUMERO`) VALUES
(1, 'Cabedelo', 'Intermares', '1972-02-04', 13, 'Omnimed@2022', 'SSPPB', '88445292030', 'Maria da Silva', '378256002', 'Rua Glaube Leite do Egito Reekers', '95'),
(2, 'Guarulhos', 'Jardim Presidente Dutra', '1969-02-04', 23, 'GUGueLmtTO', 'SSPSP', '63899455827', 'Carlos Almeida dos Santos', '271684197', 'Rua Interina', '452'),
(2, 'Chile', 'Das Graças', '2001-10-10', 23, 'jose_bap', 'SSPSP', '09273249035', 'Jose Batista Andrade Pinheiro', '548797451', 'Rua das Conceições', '787'),
(2, 'Chile', 'Das Graças', '2000-10-10', 22, 'jmma', 'SSPSP', '96710382044', 'Jose Maria Marcos Antonio', '548987451', 'Rua das Conceições', '787'),
(1, 'Chile', 'Das Graças', '1999-10-10', 21, 'mjma', 'SSPSP', '67313704011', 'Maria Jose Marcos Antonio', '54879797', 'Rua das Conceições', '787'),
(2, 'Chile', 'Das Graças', '1998-10-10', 20, 'edmundo_matias_evaristo', 'SSPSP', '53676263006', 'Edmundo Matias Evaristo', '488797451', 'Rua das Conceições', '787'),
(1, 'São João da Boa Vista', 'Centro', '1995-06-23', 15, '123456', 'SSP', '20397159838', 'André da Silva', '471753695', 'Ademar de Barros', '55'),
(1, 'Diadema', 'Casa Grande', '2000-03-15', 15, '123456', 'SSP', '64217502818', 'Marcos Junior', '405082186', 'Rua Jadeildo Pereira da Silva', '120'),
(1, 'São João da Boa Vista', 'Centro', '1998-02-19', 1, '123456', 'SSP', '95094673831', 'Carlos Pereira', '489984411', 'Ademar de Barros', '130'),
(2, 'Arapiraca', 'Nova Esperança', '1981-03-24', 3, 'iLEsYpIwJW', 'SSP', '434.277.200-04', 'João Gustavo Martins', '18.171.205-2', 'Rodovia AL-115', '394'),
(1, 'Gurupi', 'Setor União III', '1978-03-05', 4, '6k6744T5oh', 'SSP', '307.242.171-42', 'Josefa Vitória Lavínia Nunes', '43.026.316-8', 'Rua 19', '505'),
(1, 'Colombo', 'Butiatumirim', '1993-04-19', 6, 'o6NsPpeONo', 'SSP', '258.652.436-59', 'Liz Mariana Moreira', '48.425.399-2', 'Rua Vereador Pio José Broto', '445'),
(2, 'Fortaleza', 'Novo Mondubim', '1948-03-25', 8, 'bTEwpS7lJu', 'SSP', '198.887.742-39', 'Francisca Maria Caldeira', '44.332.350-1', 'Rua 101', '932'),
(2, 'Aracruz', 'Barra do Sahy', '1978-03-04', 11, 'OhBerhyAM4', 'SSP', '326.039.884-84', 'Renan Heitor Enzo Silveira', '41.260.160-6', 'Rua Fundão', '548'),
(1, 'Ananindeua', 'Marituba', '1966-06-11', 17, 'sIoMpHhH4R', 'SSP', '347.785.705-45', 'Teresa Isabella Fernanda Barbosa', '10.480.537-7', 'Passagem São José', '633'),
(2, 'São Paulo', 'Santa Efigênia', '2001-12-17', 25, 'Enfermeira@2020', 'SSP', '28369586856', 'Melissa Akatuka de Oliveira', '677632114', 'Rua dos Gusmões', '353'),
(2, 'Curitiba', 'Sítio Cercado', '1994-07-02', 16, 'Enfermeira!1994', 'SSP', '15201152366', 'Miriam Oliveira', '28272287935', 'Rua Jussara', '200'),
(1, 'Boa VistaBoa Vista', 'Cauamé', '1996-07-03', 25, '1cB8O7iGXP', 'SSP', '23879876575', 'Gustavo Rodrigues Matos', '908908765', 'Rua França', '788'),
(1, 'São Paulo', 'Centro', '2000-07-16', 25, 'Oqw9PT!UBiw.Nes2', 'SSP', '99999999999', 'Carlos Eduardo Sampaio', '999999999', 'R. Dr. Teófilo Ribeiro de Andrade', '67'),
(2, 'Arapiraca', 'Nova Esperança', '1981-03-24', 3, 'iLEsYpIwJW', 'SSP', '43427720004', 'João Gustavo Martins', '18.171.205-2', 'Rodovia AL-115', '394'),
(1, 'Gurupi', 'Setor União III', '1978-03-05', 4, '6k6744T5oh', NULL, '30724217142', 'Josefa Vitória Lavínia Nunes', '43.026.316-8', 'Rua 19', '505'),
(1, 'Colombo', 'Butiatumirim', '1993-04-19', 6, 'o6NsPpeONo', 'SSP', '25865243659', 'Liz Mariana Moreira', '48.425.399-2', 'Vereador Pio José Broto', '445'),
(2, 'Fortaleza', 'Novo Mondubim', '1948-03-25', 8, 'bTEwpS7lJu', 'SSP', '19888774239', 'Francisca Maria Caldeira', '44.332.350-1', 'Rua 101', '932'),
(2, 'Aracruz', 'Barra do Sahy', '1978-03-04', 11, 'OhBerhyAM4', NULL, '32203988484', 'Renan Heitor Enzo Silveira', '41.260.160-6', 'Rua Fundão', '548'),
(1, 'Ananindeua', 'Marituba', '1966-06-11', 17, 'sIoMpHhH4R', 'SSP', '34778570545', 'Teresa Isabella Fernanda Barbosa', '10.480.537-7', 'Passagem São José', '633');

#ESPECIALIDADE MÉDICA
INSERT INTO `especialidades_medicas` (`ESM_DESCRICAO`) VALUES 
('Clínico Geral'),
('Ginecologista'),
('Anestesiologia'),
('Cirurgia cardiovascular'),
('Oftalmologista'),
('Patologia'),
('Pediatria');

#FORMAS FARMACÊUTICAS
INSERT INTO `formas_farmaceuticas` (`FRM_DESCRICAO`) VALUES
( 'SÓLIDA' ),
( 'Adesivo Transdérmico' ),
( 'Aerosol' ),
( 'Aerosol Bucal' ),
( 'Aerosol Nasal' ),
( 'Aerosol Oral' ),
( 'Cápsula' ),
( 'Cápsula De Liberação Controlada' ),
( 'Cápsula De Liberação Prolongada' ),
( 'Cápsula Dura; Comrpimido; Comprimido Revestido' ),
( 'Cápsula Gelatinosa' ),
( 'Cápsula Gelatinosa Dura' ),
( 'Cápsula Gelatinosa Dura Entérica' ),
( 'Cápsula Gelatinosa Dura; Drágea; Comprimido' ),
( 'Cápsula Gelatinosa Mole' ),
( 'Cápsula Gelatinosa Mole; Comprimido Revestido De Liberação Prolongada' ),
( 'Cápsula Inalante' ),
( 'Cápsula Inalante; Aerosol Bucal' ),
( 'Cápsula Para Inalação' ),
( 'Cápsula; Comprimido' ),
( 'Colutório' ),
( 'Comprimido' ),
( 'Comprimido ; Cápsula' ),
( 'Comprimido Desintegração Lenta' ),
( 'Comprimido Dispersível' ),
( 'Comprimido Liberação Controlada' ),
( 'Comprimido Liberação Lenta' ),
( 'Comprimido Liberação Prolongada' ),
( 'Comprimido Mastigável' ),
( 'Comprimido Revestido' ),
( 'Comprimido Sublinga' ),
( 'Creme' ),
( 'Creme Vaginal' ),
( 'Drágea' ),
( 'Elixir' ),
( 'Emulasão ; Solução Oral' ),
( 'Emulsão' ),
( 'Enema' ),
( 'Envelope (Pó)' ),
( 'Frasco' ),
( 'Frasco-Ampola' ),
( 'Gel' ),
( 'Gel Oral' ),
( 'Gel Vaginal' ),
( 'Geléia' ),
( 'Goma De Mascar Ou Pastilha' ),
( 'Injeção Intravitrea' ),
( 'Injetável' ),
( 'Loção' ),
( 'Ovulo' ),
( 'Pastilha' ),
( 'Pó' ),
( 'Pó Efervescente' ),
( 'Pó Inalante' ),
( 'Pó Liofilizado' ),
( 'Pó Liofilizado Injetável' ),
( 'Pó Liofilizado Para Solução Injetável' ),
( 'Pó Ou Cápsula Inalante' ),
( 'Pó Para Inalação Oral' ),
( 'Pó Para Solução Injetável' ),
( 'Pó Para Solução Injetável Intra Muscular' ),
( 'Pó Para Solução Injetável Intravenoso' ),
( 'Pó Para Solução Oral' ),
( 'Pó Para Suspensão Injetável' ),
( 'Pó Para Suspensão Oral' ),
( 'Pó Tamponado Para Suspensão Oral + Solução Oral' ),
( 'Pomada' ),
( 'Pomada Oftálmica' ),
( 'Seringa' ),
( 'Shampoo' ),
( 'Solução Capilar' ),
( 'Solução Concentrada Para Infusão Intravenosa' ),
( 'Solução Injetável' ),
( 'Solução Nasal' ),
( 'Solução Oftálmica' ),
( 'Solução Oral' ),
( 'Solução Oral; Xarope' ),
( 'Solução Para Inalação' ),
( 'Solução Para Nebulização' ),
( 'Spray Nasal' ),
( 'Supositório' ),
( 'Supositório Adulto' ),
( 'Suspensão Injetavel' ),
( 'Suspensão Nasal' ),
( 'Suspensão Oftálmica' ),
( 'Suspensão Oral' ),
( 'Suspensão Tópica' ),
( 'Tintura' ),
( 'Tubete' ),
( 'Xarope' );

#BENEFÍCIOS
INSERT INTO `beneficios` (`BNF_DESCRICAO`) VALUES
('Quarto individual'),
('Enfermeiro particular'),
('Acompanhamento pós-operatório'),
('Desconto em medicamentos'),
('Reembolso por despesas médicas em locais não-credenciados'),
('Cobertura por todo o país');

#FINALIDADE REMÉDIOS
INSERT INTO `finalidade_remedios` (`FIN_DESCRICAO`) VALUES
('Diminuir os sintomas'),
('Amenisa dores'),
('Amenisa dores musculares'),
('Antibiótico'),
('Antigripal'),
('Antialergico'),
('Antiinflamatório'),
('Dor de cabeça');

#PLANOS
INSERT INTO `planos` (`PLN_INSTITUICAO`,`PLN_NOME`,`PLN_PRECO`) VALUES
('ASSOCIAÇÃO MAIS SAUDE SANTA CASA','Premium',250.99),
('Unimed', 'Plano Completo', 5000.00),
('Unimed', 'Plano Basico', 2000.00),
('Unimed', 'Plano Gold', 7000.00),
('Unimed', 'Plano Silver', 6000.00),
('Santa Casa', 'Plano Saúde S+', 3000.00);

#CONTATOS SETORIAIS
INSERT INTO `contatos_setoriais` (`CSE_SETOR`, `CSE_TELEFONE_FIXO`, `CSE_EMAIL`, `CSE_TELEFONE_CELULAR`) VALUES
('Administrativo', '36111136', 'administracao@unimed.com.br', '919198787'),
('Financeiro', '36441123', 'financeiro@unimed.com.br', '9423564320'),
('Diretoria', '33745910', 'diretoria@unimed.com.br', '910108282'),
('Limpeza', '32134567', 'limpeza@unimed.com.br', '912325476'),
('Enfermagem', '38745618', 'enfermagem@unimed.com.br', '987541235'),
('Médico', '975462019', 'medico@unimed.com.br', '900224567'),
('Tecnologia', '32998543', 'ti@unimed.com.br', '976420990'),
('Secretaria', '38643291', 'secretaria@unimed.com.br', '982125648'),
( 'Administração', '34561029', 'administracao@santacasa.com.br', '956271818'),
( 'Advocacia', '312345544', 'advocacia@santacasa.com.br', '910583526');

#PLANO BENEFÍCIOS
INSERT INTO `planos_beneficios` (`FK_BENEFICIOS_BNF_ID`, `FK_PLANOS_PLN_ID`, `PBN_VALOR_BENEFICIO`) VALUES
(1, 3, 100.00),
(1, 4, 100.00),
(2, 1, 75.50),
(4, 1, 50.00),
(4, 2, 50.00),
(4, 3, 50.00),
(6, 4, 200.00);

#VALORES DEPENDENTES
INSERT INTO `valores_dependentes` (`VPD_IDADE_MAXIMA`, `VPD_IDADE_MINIMA`, `VPD_VALOR`, `FK_PLANOS_PLN_ID`) VALUES
(60, 18, 1500.00, 1),
(80, 10, 800.00, 5),
(100, 1, 500.00, 4),
(100, 0, 450.00, 3);

#REMÉDIOS
INSERT INTO `remedios` (`RMD_NOME`,`RMD_VIA_DOSAGEM`,`RMD_INDICACAO`,`RMD_CONTRAINDICACAO`,`RMD_DOSAGEM`,`FK_FORMAS_FARMACEUTICAS_FRM_ID`) VALUES
('Paracetamol Gotas ', 1, 'Paracetamol é um analgésico e antipirético, sendo indicado para a alívio da dor de intensidade leve a moderada, incluindo dor de cabeça, enxaqueca, dor músculo esquelética, cólicas menstruais, dor de garganta, dor de dente, dor pós-procedimentos odontológicos, dor e febre após vacinação, e dor de osteoartrite.', 'Não deve ser usado em caso de hipersensibilidade ao paracetamol ou a qualquer outro componente da fórmula. Contra indicado para menores de 12 anos. Não deve ser utilizado em pacientes com doença no fígado ou rins. Categoria B: Não deve ser utilizado por mulheres grávidas sem orientação médica ou do cirurgião dentista. É aconselhável cuidado na administração em pacientes com função hepática comprometida incluindo aqueles com doença hepática alcoólica não cirrótica.', 35, 75),
('Dipirona Monoidratada', 1, 'A dipirona é um anti-inflamatório não-esteroidal com ação analgésica e antitérmica. Ela é indicada para agir contra febre, dor de cabeça, dor muscular e cólicas. Essa droga integra o grupo dos medicamentos isentos de prescrição (MIPs).', 'Dipirona sódica está contra-indicada a pacientes que apresentam hipersensibilidade aos medicamentos que contenham dipirona sódica, propifenazona, fenazona, fenilbutazona, oxifembutazona ou aos demais componentes da formulação, em casos de porfiria hepática aguda Intermitente, deficiência congenita de glicose-6-fosfato desidrogenase, asma analgésica ou Intolerancia analgésica, em crianças menores de 3 meses de idade ou pesando menos de 5 kg e nos três primeiros e três ultimos meses de gravidez. A lactação deve ser evitada durante e até 48 horas após o uso de dipirona sódica. Informe seu médico sobre qualquer medicamento que esteja usando, antes do início ou durante o tratamento. Informe também, caso você tenha asma ou outros problemas respiratórios. Durante o tratamento com dipirona sódica pode se observar uma coloração avermelhada na urina que desaparece com a descontinuação do tratamento, devido à excreção do ácido rubazónico. Não deve ser administrado em crianças menores de 3 meses de idade ou pesando menos de 5 kg. E recomendada supervisão médica quando se administra a crianças com mais de 3 meses e crianças pequenas.', 500, 19),
('Paracetamol', 1, 'Paracetamol é um analgésico e antipirético, sendo indicado para a alívio da dor de intensidade leve a moderada, incluindo dor de cabeça, enxaqueca, dor músculo esquelética, cólicas menstruais, dor de garganta, dor de dente, dor pós-procedimentos odontológicos, dor e febre após vacinação, e dor de osteoartrite', 'Não deve ser usado em caso de hipersensibilidade ao paracetamol ou a qualquer outro componente da fórmula. Contra indicado para menores de 12 anos. Não deve ser utilizado em pacientes com doença no fígado ou rins. Categoria B: Não deve ser utilizado por mulheres grávidas sem orientação médica ou do cirurgião dentista. É aconselhável cuidado na administração em pacientes com função hepática comprometida incluindo aqueles com doença hepática alcoólica não cirrótica.', 750, 19),
('Paracetamol Genérico',1,'Febre, dores no corpo e dores de cabeça','Não recomendável em casos de suspeita de dengue',2,1);

#USO REMÉDIOS
INSERT INTO `uso_remedio` (`FK_FINALIDADE_REMEDIOS_FIN_ID`, `FK_REMEDIOS_RMD_ID`) VALUES
(1, 2),
(2, 3),
(4, 1),
(1, 1);

#PACIENTES
INSERT INTO `pacientes`
(`PAC_EMAIL`,`PAC_STATUS`,`FK_USUARIO_COMUM_USC_ID`,`FK_PLANOS_PLN_ID`)
VALUES
('maria_silva@hotmail.com',1,1,1),
('jose_bap@hotmail.com', 3, 2, 1),		     	
('jmma@hotmail.com', 4, 3, 1),       				
('mjma@hotmail.com', 5, 4, 1),       				
('edmundo_matias_evaristo@hotmail.com', 6, 5, 1),
('marcos@email.com', 1, 6, 5),
('fernandafernandaaparicio@dkcarmo.com', 1, 7, 1),
('breno-teixeira81@cursomarcato.com.br', 2, 8, 3),
('renata_moura@gruppoitalia.com.br', 1, 9, 4),      
('isaac-damota84@petrobras.com.br', 4, 10, 1);

#FUNCIONÁRIOS
/*CATEGORIAS
1 - Médico
2 - ENFERMEIRO
3 - CONTABIL
4 - SECRETARIADO
5 - ADMINISTRATIVO
6 - HOSP/CLINICA MÉDICA */
INSERT INTO `funcionarios` (`FUN_PRONTUARIO`, `FUN_CATEGORIA`, `FK_USUARIO_COMUM_USC_ID`) VALUES
('ME523698', 1, 2),
('ME222123', 1, 1),
('ME222321', 5, 2),
('EN608617', 2, 1),
('ME272715', 1, 2),
('ME973872', 1, 3),
('ME126632', 1, 4);

#MÉDICOS
INSERT INTO `medicos` (`FK_FUNCIONARIOS_FUN_ID`,`FK_FUNCIONARIOS_FK_USUARIO_COMUM_USC_ID`) VALUES
(1, 2),
(2, 1),
(3, 2);

#ESPECIALISTAS
INSERT INTO `especialistas` (`FK_MEDICOS_MED_ID`, `FK_MEDICOS_FK_FUNCIONARIOS_FUN_ID`, `FK_MEDICOS_FK_FUNCIONARIOS_FK_USUARIO_COMUM_USC_ID`, `FK_ESPECIALIDADES_MEDICAS_ESM_ID`) VALUES
(2, 2, 1, 3),
(3, 3, 2, 2);

#AGENDAMENTOS
INSERT INTO `AGENDAMENTOS` (`AGD_STATUS`,`AGD_ENCAMINHAMENTOS`,`AGD_DATA`,`AGD_HORARIO`,`AGD_MEET_LINK`,`FK_PACIENTES_PAC_ID`,`FK_PACIENTES_FK_USUARIO_COMUM_USC_ID`,`FK_MEDICOS_MED_ID`,`FK_MEDICOS_FK_FUNCIONARIOS_FUN_ID`,`FK_MEDICOS_FK_FUNCIONARIOS_FK_USUARIO_COMUM_USC_ID`,`FK_ESPECIALIDADES_MEDICAS_ESM_ID`, `AGD_TRIAGEM_REALIZADA`, `AGD_RETORNO`) VALUES
(2,0,'2022-06-13','09:00:00','meet.google.com/ciz-jmfz-bzv',1,1,1,1,2,1,0,0),
(1,0, '2022-07-15', '09:00:00', NULL, 1,1,1,1,2,2,0,1),
(0,0, '2022-07-18', '09:00:00', NULL, 2,2,1,1,2,3,0,0),
(1,0, '2022-07-19', '09:00:00', NULL, 3,3,1,1,2,4,0,0),
(1,0, '2022-07-20', '09:00:00', NULL, 4,4,1,1,2,5,1,1),
(1,1, '2022-08-11', '09:00:00', NULL, 5,5,1,1,2,6,1,0);

#TRIAGENS
INSERT INTO `triagens` (`TRG_SINTOMAS`, `TRG_TABELA_DOR`, `TRG_PRESSAO_SISTOLICA`, `TRG_TEMPERATURA`, `TRG_PRESSAO_DIASTOLICA`, `FK_AGENDAMENTOS_AGD_ID`) 
VALUES ('Dor de Cabeca, Coriza, Febre', '9', '36', '38.8', '34', '2');

#CONSULTAS ONLINE
INSERT INTO `consultas_online` (`CNS_DATA`,`CNS_ANOTACOES`,`CNS_SINTOMAS_IDENTIFICADOS`,`CNS_DIAGNOSTICO`,`FK_AGENDAMENTOS_AGD_ID`) VALUES
('2022-06-13','Baixa prioridade','Dor de cabeça, febre e coriza', 'Enxaqueca Nervosa', 1),
('2022-07-15', 'Alta prioridade', 'Diarreira', 'Virose',2),
('2022-08-12', 'Paciente com muita dor nas costas', 'Dores Constantes na Coluna', 'Paciente possui hérnia de disco',3),
('2022-08-11', 'Nenhum sintoma identificado', 'N/a', 'Nenhum diagnostico identificado',4);

#PRESCRICOES
INSERT INTO `prescricoes` (`PRC_DURACAO_TRATAMENTO`,`PRC_OBSERVACOES`,`PRC_ASSINATURA_MEDICO`,`PRC_DATA_EMISSAO`,`FK_CONSULTAS_ONLINE_CNS_ID`,`FK_MEDICOS_MED_ID`,`FK_MEDICOS_FK_FUNCIONARIOS_FUN_ID`,`FK_MEDICOS_FK_FUNCIONARIOS_FK_USUARIO_COMUM_USC_ID`) VALUES
('1 semana','Não tomar sob suspeitas de dengue','ASSINATURA','2022-06-13',1,1,1,2),
('30 dias', 'Tomar pós almoço', 'ASSINATURA', '2022-06-20', 1, 3, 3, 2),
('15 dias', 'Toma pela manhã e a noite', 'ASSINATURA', '2022-06-20', 1, 3, 3, 2);

#REMÉDIOS PRESCRIÇÕES
INSERT INTO `remedios_prescricoes`
(`FK_PRESCRICOES_PRC_ID`,`FK_REMEDIOS_RMD_ID`,`RMP_ESQUEMA_POSOLOGICO`) VALUES
(1,1, '1 comprimido a cada 8 horas'),
(1,1, '20 gotas de 8 em 8 horas '),
(1,2, '1 comprimido por dia'),
(1,3, '2 comprimidos de 12 em 12 horas');

#EXAMES
INSERT INTO `exames` (`EXM_NOME`, `EXM_ANEXO_GUIA`, `EXM_OBS_SECRETARIO`, `EXM_AGENDAMENTO`, `EXM_AUTORIZADO`, `EXM_ANEXO_RESULTADO`, `EXM_OBS_PACIENTE`, `FK_MEDICOS_MED_ID`, `FK_MEDICOS_FK_FUNCIONARIOS_FUN_ID`, `FK_MEDICOS_FK_FUNCIONARIOS_FK_USUARIO_COMUM_USC_ID`, `FK_PACIENTES_PAC_ID`, `FK_PACIENTES_FK_USUARIO_COMUM_USC_ID`) VALUES
('Exame de sangue', 'imagem1.png', 'Em jejum', '2022-06-23 15:42:20', 2, 'resultado1.png', NULL, 2, 2, 1, 1, 1),
('Ultrassom', 'imagem2.png', NULL, '2022-06-21 15:43:22', 2, 'resultado2.png', NULL, 3, 3, 2, 1, 1);

#PAGAMENTOS
INSERT INTO `pagamentos` (`PGD_VENCIMENTO`, `PGD_DATA_PAGAMENTO`, `PGD_VALOR_TOTAL`, `FK_PACIENTES_PAC_ID`, `FK_PACIENTES_FK_USUARIO_COMUM_USC_ID`) VALUES
('2022-06-30', '2022-06-23', 3000.00, 6, 6),
('2022-05-13', '2022-05-10', 580.00, 1, 1),
('2022-06-30', '2022-06-29', 750.00, 8, 8),
('2022-03-31', '2022-04-01', 1000.00, 7, 7);

#PAGAMENTOS MEDICOS
INSERT INTO `pagamentos_medicos` (`PGM_DATA_PAGAMENTO_REALIZADO`, `PGM_DATA_DE_PAGAMENTO`, `PGM_SALARIO`, `PGM_VALOR_COMISSAO`, `PGM_VALOR_TOTAL`, `FK_MEDICOS_MED_ID`, `FK_MEDICOS_FK_FUNCIONARIOS_FUN_ID`, `FK_MEDICOS_FK_FUNCIONARIOS_FK_USUARIO_COMUM_USC_ID`) VALUES
('2022-06-01', '2022-06-01', 5500.00, 1500.00, 7000.00, 1, 1, 2),
('2022-05-01', '2022-05-01', 3000.00, 500.00, 3500.00, 1, 1, 2),
('2022-03-02', '2022-03-01', 5500.00, 1000.00, 6500.00, 2, 2, 1);

#RESPONSAVEIS
INSERT INTO `responsaveis` (`RES_QTD_FILHOS`, `RES_QUAIS_TRAT_MED`, `RES_TEM_ALERGIA_MEDICA`, `RES_QUAL_MEDICACAO`, `RES_QUAIS_ALERGIAS`, `RES_TEL_CELULAR1`, `RES_UTILIZA_MEDICACAO`, `RES_TEL_CELULAR2`, `RES_TEM_FILHOS`, `RES_QUAIS_DOENCAS_CRONICAS`, `RES_DOENCAS_CRONICAS`, `RES_TRATAMENTO_MEDICO`, `FK_PACIENTES_PAC_ID`, `FK_PACIENTES_FK_USUARIO_COMUM_USC_ID`) VALUES 
('1', 'Contra Diabetes', '1', 'Biguanidas', 'Amoxilina', '1998765432', '1', '1991234567', '1', 'Diabetes', '1', '1', '1', '1'),
('2', 'Contra Cancer', '2', 'Quimioterapia', 'Leite e Queijo', '3598765432', '2', '3591234567', '1', 'Cancer', '2', '2', '2', '2'),
('3', 'Contra Obesidade', '3', 'Dieta', 'Poeira, Pelo e Cravo', '1198765432', '3', '1191234567', '3', 'Obesidade', '3', '3', '3', '3'),
('4', 'Contra Fibrose Cística', '4', 'Suplemento Alimentar, Antibiótico, Penicilina e Remédio para Tosse', 'Vermelhidão, Descamação, Irritação e Coceira Intensa.', '2198765432', '4', '2191234567', '4', 'Fibrose Cística', '4', '4', '4', '4'),
('5', 'Osteoporose', '5', 'Vitamina, Suplemento Alimentar e Saúde Óssea', 'Leite, Queijo, Manteiga, Requeijão e Creme', '4198765432', '5', '4191234567', '5', 'Contra Osteoporose', '5', '5', '5', '5');

#DEPENDENTES
INSERT INTO `dependentes`(`DEP_NV_PARENTESCO`, `DEP_NOME`, `DEP_DATA_NASCIMENTO`, `FK_PACIENTES_PAC_ID`, `FK_PACIENTES_FK_USUARIO_COMUM_USC_ID`, `FK_RESPONSAVEIS_RES_ID`, `FK_RESPONSAVEIS_FK_PACIENTES_PAC_ID`, `FK_RESPONSAVEIS_FK_PACIENTES_FK_USUARIO_COMUM_USC_ID`) VALUES 
('1','José','2000-10-20','1','1','1','1','1'),
('2','Maria','2000-11-21','2','2','2','2','2'),
('3','Victor','2010-12-22','3','3','3','3','3'),
('4','Letícia','2004-01-01','4','4','4','4','4'),
('5','Rafael','1998-02-10','5','5','5','5','5');

#ADMINISTRATIVO
INSERT INTO `administrativo`(`ADM_FUNCAO`, `ADM_DATA_DEMISSAO`, `ADM_DATA_ADMISSAO`, `ADM_CLINICA`, `ADM_SALARIO`, `ADM_CRM`, `ADM_TELEFONE_CELULAR`, `FK_FUNCIONARIOS_FUN_ID`, `FK_FUNCIONARIOS_FK_USUARIO_COMUM_USC_ID`) VALUES 
('1','2022-08-11','2021-08-11','1','11111','12345679','19987654322','1','2'),
('2','2021-07-10','2020-06-09','2','22222','98765432','19912345672','2','1'),
('3','2020-01-08','2019-01-08','3','33333','45367864','35956437212','6','3'),
('4','2022-08-03','2021-08-02','4','1280','12354321','11947689241','7','4'),
('5','2022-05-21','2017-01-21','5','4000','84632716','21918213747','5','2');